,standard_concept_name,county,year,state_abbr,counts,id
0,Generalized anxiety disorder,Macomb,1991,V,7,26099
1,Generalized anxiety disorder,Citrus,2016,R,5,12017
2,Generalized anxiety disorder,Brazoria,2007,Z,4,48039
3,Generalized anxiety disorder,Cross,2003,P,8,5037
4,Generalized anxiety disorder,Fleming,2014,I,6,21069
5,Generalized anxiety disorder,Berkeley,1991,H,5,54003
6,Generalized anxiety disorder,Eagle,2016,R,4,8037
7,Generalized anxiety disorder,Durham,2011,R,7,37063
8,Generalized anxiety disorder,Polk,1990,G,6,48373
9,Generalized anxiety disorder,Lares,1990,A,8,72081
10,Generalized anxiety disorder,Idaho,2011,K,1,16049
11,Generalized anxiety disorder,Allamakee,2011,M,6,19005
12,Generalized anxiety disorder,Clay,2003,B,5,20027
13,Generalized anxiety disorder,Schoolcraft,1994,W,10,26153
14,Generalized anxiety disorder,Lewis and Clark,2019,M,3,30049
15,Generalized anxiety disorder,Bastrop,1992,M,8,48021
16,Generalized anxiety disorder,Woods,2001,B,7,40151
17,Generalized anxiety disorder,Muscogee,1991,B,8,13215
18,Generalized anxiety disorder,Clear Creek,2008,L,6,8019
19,Generalized anxiety disorder,Anson,2002,S,3,37007
20,Generalized anxiety disorder,Muskogee,2002,T,5,40101
21,Generalized anxiety disorder,Edmunds,2013,J,1,46045
22,Generalized anxiety disorder,Burke,1993,F,8,38013
23,Generalized anxiety disorder,Tallapoosa,2002,S,10,1123
24,Generalized anxiety disorder,Harvey,1994,A,6,20079
25,Generalized anxiety disorder,Loudon,2019,I,5,47105
26,Generalized anxiety disorder,Stewart,2012,N,3,13259
27,Generalized anxiety disorder,Waukesha,2010,W,8,55133
28,Generalized anxiety disorder,Winkler,1996,S,6,48495
29,Generalized anxiety disorder,Pittsburg,2001,X,4,40121
30,Generalized anxiety disorder,Goshen,2006,V,8,56015
31,Generalized anxiety disorder,Denton,2011,C,6,48121
32,Generalized anxiety disorder,Ravalli,2014,M,5,30081
33,Generalized anxiety disorder,Stafford,2015,R,3,20185
34,Generalized anxiety disorder,Lewis,2018,I,2,36049
35,Generalized anxiety disorder,Lewis,2009,G,8,36049
36,Generalized anxiety disorder,Lea,2019,M,4,35025
37,Generalized anxiety disorder,Loíza,2018,T,1,72087
38,Generalized anxiety disorder,Pickett,2013,K,2,47137
39,Generalized anxiety disorder,Dale,1993,C,2,1045
40,Generalized anxiety disorder,Trinity,2000,W,4,6105
41,Generalized anxiety disorder,Leflore,2014,A,8,28083
42,Generalized anxiety disorder,Haskell,2014,N,9,20081
43,Generalized anxiety disorder,Eagle,2009,F,4,8037
44,Generalized anxiety disorder,Butler,1995,B,2,39017
45,Generalized anxiety disorder,Bandera,1998,V,10,48019
46,Generalized anxiety disorder,Fisher,1992,R,2,48151
47,Generalized anxiety disorder,Hot Spring,1993,Q,3,5059
48,Generalized anxiety disorder,Grand Isle,2019,F,4,50013
49,Generalized anxiety disorder,Hardy,2003,Z,3,54031
50,Generalized anxiety disorder,Thurston,2013,W,7,53067
51,Generalized anxiety disorder,Braxton,2013,T,8,54007
52,Generalized anxiety disorder,Los Alamos,2001,S,1,35028
53,Generalized anxiety disorder,Briscoe,1991,Q,6,48045
54,Generalized anxiety disorder,Reeves,2004,P,7,48389
55,Generalized anxiety disorder,Alleghany,1990,W,6,37005
56,Generalized anxiety disorder,Chattooga,1998,W,9,13055
57,Generalized anxiety disorder,Berrien,2005,O,6,26021
58,Generalized anxiety disorder,Yadkin,1997,X,1,37197
59,Generalized anxiety disorder,Ste. Genevieve,1996,P,4,29186
60,Generalized anxiety disorder,Bexar,1994,S,3,48029
61,Generalized anxiety disorder,Morrill,2006,Q,7,31123
62,Generalized anxiety disorder,Harlan,1995,X,1,31083
63,Generalized anxiety disorder,Putnam,1993,P,5,39137
64,Generalized anxiety disorder,Rockcastle,1993,O,7,21203
65,Generalized anxiety disorder,Cameron,1990,Z,8,48061
66,Generalized anxiety disorder,Monroe,2010,E,9,1099
67,Generalized anxiety disorder,Aleutians West,2015,Q,4,2016
68,Generalized anxiety disorder,Muskegon,1999,V,7,26121
69,Generalized anxiety disorder,Suffolk,1999,P,8,36103
70,Generalized anxiety disorder,Bonner,1993,T,6,16017
71,Generalized anxiety disorder,Lawrence,1999,M,9,42073
72,Generalized anxiety disorder,Simpson,2013,T,9,21213
73,Generalized anxiety disorder,Lynchburg,2016,F,9,51680
74,Generalized anxiety disorder,Highlands,2004,L,3,12055
75,Generalized anxiety disorder,Jasper,1995,K,6,18073
76,Generalized anxiety disorder,Greene,1996,U,4,47059
77,Generalized anxiety disorder,Grimes,2000,H,1,48185
78,Generalized anxiety disorder,Arlington,2004,Q,9,51013
79,Generalized anxiety disorder,Shawano,2005,S,2,55115
80,Generalized anxiety disorder,Bath,2018,P,1,21011
81,Generalized anxiety disorder,Denton,2003,O,7,48121
82,Generalized anxiety disorder,Oldham,1994,C,2,21185
83,Generalized anxiety disorder,Tulsa,2007,R,7,40143
84,Generalized anxiety disorder,Honolulu,2000,C,3,15003
85,Generalized anxiety disorder,Wilbarger,1990,H,2,48487
86,Generalized anxiety disorder,Haralson,2001,S,4,13143
87,Generalized anxiety disorder,White Pine,1991,X,2,32033
88,Generalized anxiety disorder,Halifax,2014,E,1,51083
89,Generalized anxiety disorder,Pecos,2018,U,1,48371
90,Generalized anxiety disorder,Kennebec,2008,R,5,23011
91,Generalized anxiety disorder,Morris,2013,K,5,48343
92,Generalized anxiety disorder,Auglaize,1999,A,1,39011
93,Generalized anxiety disorder,Colonial Heights,1997,Y,2,51570
94,Generalized anxiety disorder,New London,2001,D,2,9011
95,Generalized anxiety disorder,Trumbull,2013,F,7,39155
96,Generalized anxiety disorder,Sangamon,2017,W,7,17167
97,Generalized anxiety disorder,Gasconade,2008,B,9,29073
98,Generalized anxiety disorder,Ochiltree,2009,R,8,48357
99,Generalized anxiety disorder,Coshocton,2001,Y,6,39031
100,Generalized anxiety disorder,Vigo,1994,U,7,18167
101,Generalized anxiety disorder,Ringgold,2018,H,9,19159
102,Generalized anxiety disorder,Iowa,1998,A,4,19095
103,Generalized anxiety disorder,Antrim,2016,Z,5,26009
104,Generalized anxiety disorder,Appanoose,1992,P,4,19007
105,Generalized anxiety disorder,Jim Wells,1991,Z,8,48249
106,Generalized anxiety disorder,Guernsey,2011,B,9,39059
107,Generalized anxiety disorder,Midland,2015,F,3,48329
108,Generalized anxiety disorder,Hillsdale,1998,B,7,26059
109,Generalized anxiety disorder,Matagorda,2002,H,6,48321
110,Generalized anxiety disorder,McLean,2018,Q,9,21149
111,Generalized anxiety disorder,Rowan,2015,F,8,21205
112,Generalized anxiety disorder,Box Elder,2006,L,10,49003
113,Generalized anxiety disorder,Steuben,2006,A,10,36101
114,Generalized anxiety disorder,Ravalli,2012,H,3,30081
115,Generalized anxiety disorder,Iowa,2001,K,10,19095
116,Generalized anxiety disorder,Coahoma,2002,S,2,28027
117,Generalized anxiety disorder,Jefferson,1992,L,6,5069
118,Generalized anxiety disorder,Cheyenne,2001,W,10,20023
119,Generalized anxiety disorder,Buckingham,2019,W,6,51029
120,Generalized anxiety disorder,Hitchcock,1997,V,7,31087
121,Generalized anxiety disorder,Licking,2008,B,1,39089
122,Generalized anxiety disorder,Aibonito,1993,Y,2,72009
123,Generalized anxiety disorder,Cambria,1993,S,4,42021
124,Generalized anxiety disorder,Scotland,2015,G,1,37165
125,Generalized anxiety disorder,Pueblo,2001,I,2,8101
126,Generalized anxiety disorder,Judith Basin,2013,H,1,30045
127,Generalized anxiety disorder,Freestone,2008,O,1,48161
128,Generalized anxiety disorder,Woodbury,2018,L,5,19193
129,Generalized anxiety disorder,Addison,1992,H,10,50001
130,Generalized anxiety disorder,Donley,2000,D,4,48129
131,Generalized anxiety disorder,Montmorency,2014,C,2,26119
132,Generalized anxiety disorder,Claiborne,1998,X,5,47025
133,Generalized anxiety disorder,Ogemaw,2000,U,5,26129
134,Generalized anxiety disorder,Linn,2012,W,1,41043
135,Generalized anxiety disorder,Nome,1990,A,9,2180
136,Generalized anxiety disorder,Meriwether,2007,N,4,13199
137,Generalized anxiety disorder,Fannin,2018,J,7,13111
138,Generalized anxiety disorder,Pawnee,1995,A,4,20145
139,Generalized anxiety disorder,Moultrie,1992,Z,5,17139
140,Generalized anxiety disorder,McLennan,2019,J,1,48309
141,Generalized anxiety disorder,Stanley,1995,Y,2,46117
142,Generalized anxiety disorder,Hickman,2019,V,4,21105
143,Generalized anxiety disorder,Amite,2019,W,10,28005
144,Generalized anxiety disorder,Barceloneta,1994,R,6,72017
145,Generalized anxiety disorder,Gilmer,2011,V,2,54021
146,Generalized anxiety disorder,Snohomish,2003,H,5,53061
147,Generalized anxiety disorder,Wetzel,1994,N,5,54103
148,Generalized anxiety disorder,Pickaway,2003,C,7,39129
149,Generalized anxiety disorder,LaPorte,1999,E,5,18091
150,Generalized anxiety disorder,Schuylkill,1996,D,1,42107
151,Generalized anxiety disorder,Gentry,2002,R,9,29075
152,Generalized anxiety disorder,Dixie,2018,Y,1,12029
153,Generalized anxiety disorder,Foster,1997,H,1,38031
154,Generalized anxiety disorder,Wythe,2018,O,7,51197
155,Generalized anxiety disorder,Oklahoma,2019,X,6,40109
156,Generalized anxiety disorder,Kerr,1991,K,5,48265
157,Generalized anxiety disorder,Luzerne,2019,L,4,42079
158,Generalized anxiety disorder,Doddridge,2009,K,4,54017
159,Generalized anxiety disorder,Catahoula,2015,J,9,22025
160,Generalized anxiety disorder,Atoka,2011,G,4,40005
161,Generalized anxiety disorder,Rawlins,2014,T,4,20153
162,Generalized anxiety disorder,Norfolk,2005,D,7,25021
163,Generalized anxiety disorder,Caldwell,1992,H,1,29025
164,Generalized anxiety disorder,Barnstable,1998,A,2,25001
165,Generalized anxiety disorder,Caroline,2007,R,2,51033
166,Generalized anxiety disorder,Hendricks,2006,Z,9,18063
167,Generalized anxiety disorder,Doña Ana,2002,W,4,35013
168,Generalized anxiety disorder,Oswego,2010,X,4,36075
169,Generalized anxiety disorder,Falls Church,1998,G,1,51610
170,Generalized anxiety disorder,Perkins,2018,K,9,31135
171,Generalized anxiety disorder,Musselshell,1998,X,3,30065
172,Generalized anxiety disorder,Suwannee,2006,N,4,12121
173,Generalized anxiety disorder,Swisher,1996,V,10,48437
174,Generalized anxiety disorder,Powhatan,1998,M,1,51145
175,Generalized anxiety disorder,Leake,1994,R,10,28079
176,Generalized anxiety disorder,Chesapeake,2016,I,6,51550
177,Generalized anxiety disorder,Ross,2008,O,10,39141
178,Generalized anxiety disorder,Coleman,1993,A,2,48083
179,Generalized anxiety disorder,Vernon,2018,F,4,55123
180,Generalized anxiety disorder,Bulloch,2018,F,8,13031
181,Generalized anxiety disorder,St. Landry,2003,U,6,22097
182,Generalized anxiety disorder,Montcalm,2015,T,5,26117
183,Generalized anxiety disorder,Vinton,1993,U,6,39163
184,Generalized anxiety disorder,Wasco,2018,M,1,41065
185,Generalized anxiety disorder,Dickey,1998,Q,10,38021
186,Generalized anxiety disorder,Buckingham,2017,K,10,51029
187,Generalized anxiety disorder,St. Joseph,2016,G,6,18141
188,Generalized anxiety disorder,Manistee,2003,N,10,26101
189,Generalized anxiety disorder,Evans,1991,T,5,13109
190,Generalized anxiety disorder,Wyoming,2009,T,4,42131
191,Generalized anxiety disorder,McMullen,2001,L,3,48311
192,Generalized anxiety disorder,Oswego,1999,L,3,36075
193,Generalized anxiety disorder,Labette,2006,C,4,20099
194,Generalized anxiety disorder,Juab,1998,I,8,49023
195,Generalized anxiety disorder,Schoharie,1990,J,1,36095
196,Generalized anxiety disorder,Watonwan,2010,V,8,27165
197,Generalized anxiety disorder,Sandusky,2001,J,8,39143
198,Generalized anxiety disorder,Vilas,2017,Q,9,55125
199,Generalized anxiety disorder,Kenton,2000,K,1,21117
200,Generalized anxiety disorder,Matagorda,2019,L,4,48321
201,Generalized anxiety disorder,Garza,2006,L,10,48169
202,Generalized anxiety disorder,Geary,2001,S,1,20061
203,Generalized anxiety disorder,Natchitoches,2016,Q,7,22069
204,Generalized anxiety disorder,Emery,2017,Y,6,49015
205,Generalized anxiety disorder,Hatillo,1994,Z,8,72065
206,Generalized anxiety disorder,Presidio,2011,I,5,48377
207,Generalized anxiety disorder,Carteret,2007,P,8,37031
208,Generalized anxiety disorder,Elliott,2008,H,4,21063
209,Generalized anxiety disorder,Kearny,2001,E,8,20093
210,Generalized anxiety disorder,Imperial,2001,R,1,6025
211,Generalized anxiety disorder,Guthrie,1995,A,10,19077
212,Generalized anxiety disorder,Gosper,1996,C,8,31073
213,Generalized anxiety disorder,Bayamón,2006,R,10,72021
214,Generalized anxiety disorder,San Diego,2011,X,7,6073
215,Generalized anxiety disorder,Tarrant,1992,V,1,48439
216,Generalized anxiety disorder,Castro,1993,Z,1,48069
217,Generalized anxiety disorder,Valdez-Cordova,2001,N,7,2261
218,Generalized anxiety disorder,Campbell,1999,B,8,56005
219,Generalized anxiety disorder,Okeechobee,2004,D,5,12093
220,Generalized anxiety disorder,Oconee,1990,J,3,45073
221,Generalized anxiety disorder,Stutsman,1997,O,7,38093
222,Generalized anxiety disorder,Clarendon,2002,U,1,45027
223,Generalized anxiety disorder,Madison,2001,T,2,13195
224,Generalized anxiety disorder,Bucks,1990,U,8,42017
225,Generalized anxiety disorder,Sagadahoc,2015,R,1,23023
226,Generalized anxiety disorder,Geary,2016,H,6,20061
227,Generalized anxiety disorder,Faulk,1999,B,3,46049
228,Generalized anxiety disorder,Glasscock,2009,P,1,48173
229,Generalized anxiety disorder,Canadian,2006,I,4,40017
230,Generalized anxiety disorder,Granville,1998,V,3,37077
231,Generalized anxiety disorder,San Juan,2012,V,1,8111
232,Generalized anxiety disorder,Citrus,2011,O,1,12017
233,Generalized anxiety disorder,Converse,2005,Q,6,56009
234,Generalized anxiety disorder,Nevada,1997,L,7,6057
235,Generalized anxiety disorder,Divide,2004,Y,9,38023
236,Generalized anxiety disorder,Leelanau,1990,Y,7,26089
237,Generalized anxiety disorder,Chase,2015,K,3,31029
238,Generalized anxiety disorder,Grand,2009,G,7,49019
239,Generalized anxiety disorder,Childress,2012,A,10,48075
240,Generalized anxiety disorder,Doddridge,2015,G,7,54017
241,Generalized anxiety disorder,Yabucoa,2010,Y,2,72151
242,Generalized anxiety disorder,Hinsdale,2009,V,5,8053
243,Generalized anxiety disorder,Crawford,2000,P,6,26039
244,Generalized anxiety disorder,Tripp,1994,O,9,46123
245,Generalized anxiety disorder,Bonner,2007,G,8,16017
246,Generalized anxiety disorder,Penobscot,2000,N,5,23019
247,Generalized anxiety disorder,Gunnison,1992,C,10,8051
248,Generalized anxiety disorder,Crawford,2014,G,9,26039
249,Generalized anxiety disorder,Brewster,2003,B,10,48043
250,Generalized anxiety disorder,Chattooga,1998,I,7,13055
251,Generalized anxiety disorder,Barber,2018,B,4,20007
252,Generalized anxiety disorder,Bullitt,1998,V,9,21029
253,Generalized anxiety disorder,Kershaw,2018,M,7,45055
254,Generalized anxiety disorder,Lake,2017,G,8,27075
255,Generalized anxiety disorder,Kitsap,1991,V,1,53035
256,Generalized anxiety disorder,Brevard,2006,A,10,12009
257,Generalized anxiety disorder,Refugio,2010,F,2,48391
258,Generalized anxiety disorder,Coos,2016,X,7,41011
259,Generalized anxiety disorder,Meeker,1993,T,7,27093
260,Generalized anxiety disorder,Pamlico,2001,C,7,37137
261,Generalized anxiety disorder,Cuyahoga,1999,Z,1,39035
262,Generalized anxiety disorder,Talbot,1996,Q,2,13263
263,Generalized anxiety disorder,Williams,2018,J,7,38105
264,Generalized anxiety disorder,Pontotoc,2016,C,7,40123
265,Generalized anxiety disorder,Powhatan,1990,J,10,51145
266,Generalized anxiety disorder,Goliad,2007,N,5,48175
267,Generalized anxiety disorder,Bibb,2002,S,4,13021
268,Generalized anxiety disorder,Sunflower,1996,U,10,28133
269,Generalized anxiety disorder,Millard,2006,S,8,49027
270,Generalized anxiety disorder,Major,2005,L,4,40093
271,Generalized anxiety disorder,Cavalier,2001,P,9,38019
272,Generalized anxiety disorder,Washtenaw,2014,Z,3,26161
273,Generalized anxiety disorder,Dixon,2007,S,3,31051
274,Generalized anxiety disorder,Musselshell,2018,M,10,30065
275,Generalized anxiety disorder,Williamsburg,2016,Q,9,45089
276,Generalized anxiety disorder,Sterling,2016,Y,5,48431
277,Generalized anxiety disorder,Mifflin,2015,O,3,42087
278,Generalized anxiety disorder,Coleman,2006,N,4,48083
279,Generalized anxiety disorder,Portsmouth,2017,D,3,51740
280,Generalized anxiety disorder,Marion,2006,E,5,29127
281,Generalized anxiety disorder,Liberty,1997,Z,6,13179
282,Generalized anxiety disorder,Pondera,2018,U,5,30073
283,Generalized anxiety disorder,Haralson,1993,H,3,13143
284,Generalized anxiety disorder,Independence,1996,L,3,5063
285,Generalized anxiety disorder,Dallas,2010,P,2,29059
286,Generalized anxiety disorder,Geary,1997,M,4,20061
287,Generalized anxiety disorder,Augusta,2013,E,10,51015
288,Generalized anxiety disorder,Pueblo,2002,R,1,8101
289,Generalized anxiety disorder,Kleberg,2008,T,6,48273
290,Generalized anxiety disorder,Jessamine,2016,A,6,21113
291,Generalized anxiety disorder,Washtenaw,2002,A,10,26161
292,Generalized anxiety disorder,Saluda,2019,C,5,45081
293,Generalized anxiety disorder,Ellsworth,1995,S,4,20053
294,Generalized anxiety disorder,Mississippi,2006,B,8,29133
295,Generalized anxiety disorder,Harvey,2018,B,6,20079
296,Generalized anxiety disorder,Cottle,2005,R,6,48101
297,Generalized anxiety disorder,Merced,2012,C,10,6047
298,Generalized anxiety disorder,Chautauqua,2003,O,1,20019
299,Generalized anxiety disorder,Ogemaw,2002,G,1,26129
300,Generalized anxiety disorder,Coosa,1994,A,4,1037
301,Generalized anxiety disorder,Toombs,1992,W,6,13279
302,Generalized anxiety disorder,Kent,2003,U,8,44003
303,Generalized anxiety disorder,Fergus,2018,U,3,30027
304,Generalized anxiety disorder,Presque Isle,2008,Q,2,26141
305,Generalized anxiety disorder,Yoakum,1992,X,2,48501
306,Generalized anxiety disorder,Weber,1998,K,4,49057
307,Generalized anxiety disorder,Wake,2004,L,4,37183
308,Generalized anxiety disorder,Dearborn,1990,C,3,18029
309,Generalized anxiety disorder,Mahoning,2006,V,3,39099
310,Generalized anxiety disorder,Alger,2000,R,4,26003
311,Generalized anxiety disorder,Aleutians West,2012,D,4,2016
312,Generalized anxiety disorder,Tillman,1999,C,10,40141
313,Generalized anxiety disorder,Blanco,2003,F,10,48031
314,Generalized anxiety disorder,Hamblen,2013,U,4,47063
315,Generalized anxiety disorder,Deaf Smith,1999,V,4,48117
316,Generalized anxiety disorder,Gulf,1997,K,2,12045
317,Generalized anxiety disorder,Ralls,1990,Z,10,29173
318,Generalized anxiety disorder,Asotin,2014,K,9,53003
319,Generalized anxiety disorder,Texas,2002,V,2,29215
320,Generalized anxiety disorder,Edgar,2016,J,8,17045
321,Generalized anxiety disorder,Bienville,2010,B,1,22013
322,Generalized anxiety disorder,Wilbarger,2011,G,10,48487
323,Generalized anxiety disorder,Jim Wells,2010,A,8,48249
324,Generalized anxiety disorder,Manassas Park,2003,T,5,51685
325,Generalized anxiety disorder,Bolivar,2002,X,9,28011
326,Generalized anxiety disorder,McIntosh,2013,S,3,40091
327,Generalized anxiety disorder,Reeves,2001,U,1,48389
328,Generalized anxiety disorder,Hoonah-Angoon,1999,L,8,2105
329,Generalized anxiety disorder,West Carroll,1991,F,1,22123
330,Generalized anxiety disorder,York,2011,F,7,51199
331,Generalized anxiety disorder,Yancey,2016,W,10,37199
332,Generalized anxiety disorder,Waushara,2002,W,8,55137
333,Generalized anxiety disorder,Big Horn,1992,T,3,30003
334,Generalized anxiety disorder,Piute,2018,S,1,49031
335,Generalized anxiety disorder,Moody,2015,D,1,46101
336,Generalized anxiety disorder,Cottonwood,2007,K,4,27033
337,Generalized anxiety disorder,Yabucoa,2001,N,6,72151
338,Generalized anxiety disorder,Costilla,2013,B,9,8023
339,Generalized anxiety disorder,Traill,1990,Q,7,38097
340,Generalized anxiety disorder,Taliaferro,1998,O,3,13265
341,Generalized anxiety disorder,Jewell,2008,H,3,20089
342,Generalized anxiety disorder,Custer,2006,D,9,16037
343,Generalized anxiety disorder,Graves,2006,S,6,21083
344,Generalized anxiety disorder,Hoonah-Angoon,2009,L,4,2105
345,Generalized anxiety disorder,Donley,1993,M,7,48129
346,Generalized anxiety disorder,Dodge,2015,S,4,27039
347,Generalized anxiety disorder,Davison,2006,Y,4,46035
348,Generalized anxiety disorder,Waller,1991,W,3,48473
349,Generalized anxiety disorder,Pickens,2009,L,6,13227
350,Generalized anxiety disorder,Washburn,1993,R,1,55129
351,Generalized anxiety disorder,Scioto,2016,Z,2,39145
352,Generalized anxiety disorder,Corozal,2011,R,4,72047
353,Generalized anxiety disorder,Glacier,2009,W,8,30035
354,Generalized anxiety disorder,Newaygo,2006,P,8,26123
355,Generalized anxiety disorder,Archer,2012,U,5,48009
356,Generalized anxiety disorder,Sacramento,2011,C,1,6067
357,Generalized anxiety disorder,Lamar,1991,J,2,13171
358,Generalized anxiety disorder,Le Flore,2016,Z,6,40079
359,Generalized anxiety disorder,Lawrence,2009,S,3,42073
360,Generalized anxiety disorder,Gilchrist,1993,N,5,12041
361,Generalized anxiety disorder,Yoakum,2005,L,9,48501
362,Generalized anxiety disorder,Tyler,2004,S,10,48457
363,Generalized anxiety disorder,Isanti,2001,Z,10,27059
364,Generalized anxiety disorder,Somerset,1997,O,6,42111
365,Generalized anxiety disorder,Wicomico,2005,N,2,24045
366,Generalized anxiety disorder,Lassen,2015,T,10,6035
367,Generalized anxiety disorder,Doddridge,2015,C,7,54017
368,Generalized anxiety disorder,Twiggs,2003,D,9,13289
369,Generalized anxiety disorder,Costilla,2007,L,8,8023
370,Generalized anxiety disorder,Sully,2007,G,6,46119
371,Generalized anxiety disorder,Boundary,2001,P,9,16021
372,Generalized anxiety disorder,Potter,2007,N,2,42105
373,Generalized anxiety disorder,Floyd,1998,N,10,18043
374,Generalized anxiety disorder,Appanoose,2014,E,6,19007
375,Generalized anxiety disorder,Edgar,1995,H,3,17045
376,Generalized anxiety disorder,Danville,2010,K,6,51590
377,Generalized anxiety disorder,Gallatin,2008,V,3,21077
378,Generalized anxiety disorder,Grafton,1991,D,10,33009
379,Generalized anxiety disorder,Ada,2000,S,3,16001
380,Generalized anxiety disorder,Woodson,1996,K,1,20207
381,Generalized anxiety disorder,Colorado,1999,V,10,48089
382,Generalized anxiety disorder,Wabash,2013,L,7,17185
383,Generalized anxiety disorder,Darke,2000,I,8,39037
384,Generalized anxiety disorder,Preble,2015,M,2,39135
385,Generalized anxiety disorder,Uvalde,1993,S,4,48463
386,Generalized anxiety disorder,Chilton,2004,X,8,1021
387,Generalized anxiety disorder,San Joaquin,1993,Z,3,6077
388,Generalized anxiety disorder,Koochiching,2017,Z,7,27071
389,Generalized anxiety disorder,Camp,1998,K,2,48063
390,Generalized anxiety disorder,Lamar,2012,R,8,13171
391,Generalized anxiety disorder,Garden,1997,F,4,31069
392,Generalized anxiety disorder,Niobrara,2004,N,2,56027
393,Generalized anxiety disorder,Kearney,2009,E,8,31099
394,Generalized anxiety disorder,Leon,2011,Y,1,48289
395,Generalized anxiety disorder,Obion,2004,N,8,47131
396,Generalized anxiety disorder,Denton,2012,O,4,48121
397,Generalized anxiety disorder,East Baton Rouge,2016,Y,3,22033
398,Generalized anxiety disorder,Skagit,2012,W,8,53057
399,Generalized anxiety disorder,San Benito,1998,Y,2,6069
400,Generalized anxiety disorder,Sharp,1998,V,2,5135
401,Generalized anxiety disorder,Los Alamos,2011,L,1,35028
402,Generalized anxiety disorder,Barceloneta,2003,M,6,72017
403,Generalized anxiety disorder,Okanogan,2011,F,5,53047
404,Generalized anxiety disorder,Bond,1992,H,2,17005
405,Generalized anxiety disorder,Hubbard,1996,G,5,27057
406,Generalized anxiety disorder,Ford,2010,I,6,20057
407,Generalized anxiety disorder,Searcy,2009,U,4,5129
408,Generalized anxiety disorder,Cook,2004,Z,5,17031
409,Generalized anxiety disorder,Charles,1998,C,5,24017
410,Generalized anxiety disorder,Philadelphia,1995,Q,7,42101
411,Generalized anxiety disorder,Madison,1990,G,5,13195
412,Generalized anxiety disorder,Towns,2001,Z,7,13281
413,Generalized anxiety disorder,Cleburne,2006,F,2,1029
414,Generalized anxiety disorder,Chippewa,2011,U,8,27023
415,Generalized anxiety disorder,Mille Lacs,2013,O,3,27095
416,Generalized anxiety disorder,Whiteside,2002,R,2,17195
417,Generalized anxiety disorder,Paulding,2006,D,1,39125
418,Generalized anxiety disorder,San Diego,2003,G,3,6073
419,Generalized anxiety disorder,Poweshiek,2014,E,1,19157
420,Generalized anxiety disorder,McCone,2007,N,2,30055
421,Generalized anxiety disorder,Decatur,2009,T,6,20039
422,Generalized anxiety disorder,Morris,1997,Y,1,48343
423,Generalized anxiety disorder,Cibola,2015,J,3,35006
424,Generalized anxiety disorder,Charlton,2000,G,8,13049
425,Generalized anxiety disorder,Beaufort,1992,B,6,37013
426,Generalized anxiety disorder,Augusta,2012,R,6,51015
427,Generalized anxiety disorder,Tallahatchie,2003,A,1,28135
428,Generalized anxiety disorder,Oktibbeha,2017,U,9,28105
429,Generalized anxiety disorder,Alcona,1990,I,7,26001
430,Generalized anxiety disorder,Midland,2005,Z,1,48329
431,Generalized anxiety disorder,Butler,2006,R,6,39017
432,Generalized anxiety disorder,Boyle,1992,F,9,21021
433,Generalized anxiety disorder,Elmore,2008,P,2,16039
434,Generalized anxiety disorder,Tehama,2006,P,6,6103
435,Generalized anxiety disorder,Bastrop,2009,X,6,48021
436,Generalized anxiety disorder,Burnet,2016,Q,4,48053
437,Generalized anxiety disorder,San Lorenzo,2006,R,10,72129
438,Generalized anxiety disorder,Vieques,1992,R,1,72147
439,Generalized anxiety disorder,Tuscarawas,2017,O,5,39157
440,Generalized anxiety disorder,Bonner,2002,S,2,16017
441,Generalized anxiety disorder,Williamson,2006,M,1,48491
442,Generalized anxiety disorder,Rankin,2002,M,7,28121
443,Generalized anxiety disorder,Itawamba,2009,P,1,28057
444,Generalized anxiety disorder,Heard,1993,T,9,13149
445,Generalized anxiety disorder,Kingman,2019,R,3,20095
446,Generalized anxiety disorder,Ouachita,2007,N,3,5103
447,Generalized anxiety disorder,Oxford,2001,V,10,23017
448,Generalized anxiety disorder,Chelan,2015,F,9,53007
449,Generalized anxiety disorder,Reeves,1990,B,3,48389
450,Generalized anxiety disorder,Falls Church,2010,G,6,51610
451,Generalized anxiety disorder,Stark,1996,M,7,38089
452,Generalized anxiety disorder,Glacier,1999,P,5,30035
453,Generalized anxiety disorder,Colonial Heights,1993,D,6,51570
454,Generalized anxiety disorder,Holmes,2016,T,2,12059
455,Generalized anxiety disorder,Chariton,2000,Z,4,29041
456,Generalized anxiety disorder,Appling,1994,J,6,13001
457,Generalized anxiety disorder,Minidoka,1998,K,8,16067
458,Generalized anxiety disorder,Kauai,1997,H,4,15007
459,Generalized anxiety disorder,Routt,2000,G,4,8107
460,Generalized anxiety disorder,Deaf Smith,2006,C,10,48117
461,Generalized anxiety disorder,Alachua,1996,Q,9,12001
462,Generalized anxiety disorder,Socorro,2019,T,10,35053
463,Generalized anxiety disorder,Shoshone,1998,P,9,16079
464,Generalized anxiety disorder,Okeechobee,2006,R,4,12093
465,Generalized anxiety disorder,Bosque,2010,I,5,48035
466,Generalized anxiety disorder,Harney,2018,X,3,41025
467,Generalized anxiety disorder,Caddo,1995,U,10,22017
468,Generalized anxiety disorder,Patillas,1991,T,7,72109
469,Generalized anxiety disorder,Atkinson,2005,C,7,13003
470,Generalized anxiety disorder,Love,2009,V,9,40085
471,Generalized anxiety disorder,Duval,2011,M,7,48131
472,Generalized anxiety disorder,Mono,2010,K,6,6051
473,Generalized anxiety disorder,Love,2002,P,4,40085
474,Generalized anxiety disorder,McCurtain,2004,S,2,40089
475,Generalized anxiety disorder,Garland,2010,D,7,5051
476,Generalized anxiety disorder,Cattaraugus,2002,I,4,36009
477,Generalized anxiety disorder,Schoharie,2000,I,4,36095
478,Generalized anxiety disorder,Rincón,2001,J,9,72117
479,Generalized anxiety disorder,Licking,2001,U,9,39089
480,Generalized anxiety disorder,Calcasieu,1999,Q,8,22019
481,Generalized anxiety disorder,Wagoner,1994,N,10,40145
482,Generalized anxiety disorder,Plymouth,2001,T,2,25023
483,Generalized anxiety disorder,Muhlenberg,2000,D,3,21177
484,Generalized anxiety disorder,Schoharie,2014,R,1,36095
485,Generalized anxiety disorder,Racine,2007,R,6,55101
486,Generalized anxiety disorder,Haakon,1997,J,1,46055
487,Generalized anxiety disorder,Bandera,1997,Y,8,48019
488,Generalized anxiety disorder,Walton,2016,Z,2,13297
489,Generalized anxiety disorder,Otsego,2006,Q,7,26137
490,Generalized anxiety disorder,Kalamazoo,1998,N,3,26077
491,Generalized anxiety disorder,Guilford,2019,N,1,37081
492,Generalized anxiety disorder,Hoonah-Angoon,1997,N,4,2105
493,Generalized anxiety disorder,Portage,2012,T,3,55097
494,Generalized anxiety disorder,Hall,2006,S,9,13139
495,Generalized anxiety disorder,Colorado,1994,F,4,48089
496,Generalized anxiety disorder,Hood,2013,B,7,48221
497,Generalized anxiety disorder,Noxubee,2017,G,5,28103
498,Generalized anxiety disorder,Lawrence,2010,G,8,42073
499,Generalized anxiety disorder,Erie,2014,F,7,39043
500,Generalized anxiety disorder,McHenry,2014,C,6,38049
501,Generalized anxiety disorder,Wexford,1990,G,4,26165
502,Generalized anxiety disorder,Tuscola,2019,M,3,26157
503,Generalized anxiety disorder,Missoula,1991,P,3,30063
504,Generalized anxiety disorder,Crisp,1990,K,4,13081
505,Generalized anxiety disorder,Bossier,2002,S,10,22015
506,Generalized anxiety disorder,Hemphill,2016,S,2,48211
507,Generalized anxiety disorder,Box Elder,2004,C,1,49003
508,Generalized anxiety disorder,Tippah,2017,O,8,28139
509,Generalized anxiety disorder,Sully,1999,V,4,46119
510,Generalized anxiety disorder,Troup,2001,P,1,13285
511,Generalized anxiety disorder,Bertie,2006,Y,5,37015
512,Generalized anxiety disorder,Garrard,2002,G,8,21079
513,Generalized anxiety disorder,Hawaii,1997,F,5,15001
514,Generalized anxiety disorder,Hot Springs,1999,G,4,56017
515,Generalized anxiety disorder,Aguada,2005,X,7,72003
516,Generalized anxiety disorder,McIntosh,2017,X,6,40091
517,Generalized anxiety disorder,Henrico,2000,L,7,51087
518,Generalized anxiety disorder,Mecosta,2000,J,10,26107
519,Generalized anxiety disorder,Kenosha,2000,W,5,55059
520,Generalized anxiety disorder,Alachua,2016,H,6,12001
521,Generalized anxiety disorder,Lewis and Clark,2001,Z,5,30049
522,Generalized anxiety disorder,Comal,1997,W,2,48091
523,Generalized anxiety disorder,Musselshell,2004,W,6,30065
524,Generalized anxiety disorder,Roosevelt,2019,M,1,30085
525,Generalized anxiety disorder,West Carroll,1991,K,2,22123
526,Generalized anxiety disorder,Schuylkill,2014,W,2,42107
527,Generalized anxiety disorder,Prince George's,1998,T,6,24033
528,Generalized anxiety disorder,St. Clair,2009,Q,2,17163
529,Generalized anxiety disorder,Nuckolls,2019,F,9,31129
530,Generalized anxiety disorder,Tulsa,1993,R,5,40143
531,Generalized anxiety disorder,Darlington,2019,H,2,45031
532,Generalized anxiety disorder,Sublette,2009,L,1,56035
533,Generalized anxiety disorder,Phillips,2003,Z,8,30071
534,Generalized anxiety disorder,Cook,2006,O,7,17031
535,Generalized anxiety disorder,Alleghany,2002,C,1,37005
536,Generalized anxiety disorder,Gallia,2006,N,3,39053
537,Generalized anxiety disorder,San Miguel,2005,T,10,8113
538,Generalized anxiety disorder,Scott,2005,Y,1,27139
539,Generalized anxiety disorder,Redwood,1999,J,5,27127
540,Generalized anxiety disorder,Hopkins,2001,N,1,21107
541,Generalized anxiety disorder,Ziebach,2015,J,1,46137
542,Generalized anxiety disorder,Tolland,2019,L,9,9013
543,Generalized anxiety disorder,Pipestone,2003,Y,10,27117
544,Generalized anxiety disorder,Newberry,2013,N,1,45071
545,Generalized anxiety disorder,Alleghany,2018,F,9,37005
546,Generalized anxiety disorder,New Madrid,2004,X,2,29143
547,Generalized anxiety disorder,Manassas Park,2001,I,10,51685
548,Generalized anxiety disorder,Benzie,2009,W,1,26019
549,Generalized anxiety disorder,Pittsylvania,2006,T,5,51143
550,Generalized anxiety disorder,Thomas,1996,V,5,31171
551,Generalized anxiety disorder,Mariposa,1990,F,1,6043
552,Generalized anxiety disorder,Day,1997,K,5,46037
553,Generalized anxiety disorder,Gove,1995,U,9,20063
554,Generalized anxiety disorder,Llano,2003,U,9,48299
555,Generalized anxiety disorder,Bonneville,2002,B,10,16019
556,Generalized anxiety disorder,Genesee,1993,J,7,36037
557,Generalized anxiety disorder,Holt,1997,G,1,29087
558,Generalized anxiety disorder,Swift,1992,E,5,27151
559,Generalized anxiety disorder,Maury,2004,U,8,47119
560,Generalized anxiety disorder,Inyo,1997,Q,9,6027
561,Generalized anxiety disorder,Wake,2008,K,7,37183
562,Generalized anxiety disorder,Millard,2012,S,9,49027
563,Generalized anxiety disorder,Bond,1999,O,5,17005
564,Generalized anxiety disorder,San Augustine,2015,Y,4,48405
565,Generalized anxiety disorder,St. Louis,2002,K,10,27137
566,Generalized anxiety disorder,Colleton,2004,R,9,45029
567,Generalized anxiety disorder,LaMoure,2011,J,2,38045
568,Generalized anxiety disorder,Granville,1996,A,5,37077
569,Generalized anxiety disorder,Geauga,1991,C,10,39055
570,Generalized anxiety disorder,Republic,1993,L,6,20157
571,Generalized anxiety disorder,Grainger,2001,S,5,47057
572,Generalized anxiety disorder,Penobscot,2005,A,6,23019
573,Generalized anxiety disorder,Chesterfield,2002,Z,9,51041
574,Generalized anxiety disorder,Coamo,2001,A,8,72043
575,Generalized anxiety disorder,Meagher,2001,K,1,30059
576,Generalized anxiety disorder,Canóvanas,2008,Q,10,72029
577,Generalized anxiety disorder,Gila,1993,C,6,4007
578,Generalized anxiety disorder,Gates,2009,K,5,37073
579,Generalized anxiety disorder,Richmond,2009,B,1,51159
580,Generalized anxiety disorder,Oscoda,2002,F,1,26135
581,Generalized anxiety disorder,Mississippi,2003,S,7,29133
582,Generalized anxiety disorder,Cabarrus,1999,F,2,37025
583,Generalized anxiety disorder,McCone,2004,O,1,30055
584,Generalized anxiety disorder,Arapahoe,2014,B,7,8005
585,Generalized anxiety disorder,Bradford,2019,N,3,12007
586,Generalized anxiety disorder,Moultrie,2014,M,3,17139
587,Generalized anxiety disorder,Culebra,2006,B,1,72049
588,Generalized anxiety disorder,Lavaca,1993,Y,6,48285
589,Generalized anxiety disorder,Gem,1992,T,8,16045
590,Generalized anxiety disorder,Love,2010,Q,1,40085
591,Generalized anxiety disorder,Wilbarger,1998,G,2,48487
592,Generalized anxiety disorder,Adair,1994,H,3,29001
593,Generalized anxiety disorder,Marshall,2005,X,2,40095
594,Generalized anxiety disorder,Emporia,2011,K,10,51595
595,Generalized anxiety disorder,Vermillion,2012,O,4,18165
596,Generalized anxiety disorder,Schuylkill,2014,P,4,42107
597,Generalized anxiety disorder,Decatur,2009,V,5,20039
598,Generalized anxiety disorder,Petroleum,2003,X,7,30069
599,Generalized anxiety disorder,Knox,2001,G,1,17095
600,Generalized anxiety disorder,Benewah,1990,S,6,16009
601,Generalized anxiety disorder,Briscoe,2012,V,2,48045
602,Generalized anxiety disorder,Pierce,2002,T,7,31139
603,Generalized anxiety disorder,Bayamón,2016,L,4,72021
604,Generalized anxiety disorder,Lemhi,2018,N,2,16059
605,Generalized anxiety disorder,Texas,2019,Z,4,29215
606,Generalized anxiety disorder,Kenton,1998,K,4,21117
607,Generalized anxiety disorder,Costilla,1990,Y,10,8023
608,Generalized anxiety disorder,Boise,2001,B,7,16015
609,Generalized anxiety disorder,Wapello,2018,S,3,19179
610,Generalized anxiety disorder,Coffey,2015,Q,9,20031
611,Generalized anxiety disorder,Ramsey,2000,M,1,27123
612,Generalized anxiety disorder,Nez Perce,2015,U,8,16069
613,Generalized anxiety disorder,Hale,2002,W,9,48189
614,Generalized anxiety disorder,Falls,2001,A,6,48145
615,Generalized anxiety disorder,Pointe Coupee,2013,T,3,22077
616,Generalized anxiety disorder,Kingsbury,1997,X,7,46077
617,Generalized anxiety disorder,Geary,1995,Q,1,20061
618,Generalized anxiety disorder,Sweetwater,2002,S,7,56037
619,Generalized anxiety disorder,Passaic,1990,E,10,34031
620,Generalized anxiety disorder,Neosho,2017,O,9,20133
621,Generalized anxiety disorder,Perquimans,1995,B,5,37143
622,Generalized anxiety disorder,Nash,2005,X,10,37127
623,Generalized anxiety disorder,Loving,2003,I,6,48301
624,Generalized anxiety disorder,Dawson,2003,O,1,31047
625,Generalized anxiety disorder,Zavala,1995,B,3,48507
626,Generalized anxiety disorder,Terrell,1995,E,5,48443
627,Generalized anxiety disorder,Dearborn,1995,R,5,18029
628,Generalized anxiety disorder,Huntingdon,2019,G,5,42061
629,Generalized anxiety disorder,Goochland,2019,B,4,51075
630,Generalized anxiety disorder,Arenac,2002,C,7,26011
631,Generalized anxiety disorder,Steele,1991,O,1,27147
632,Generalized anxiety disorder,Bibb,1998,Q,10,13021
633,Generalized anxiety disorder,Virginia Beach,2012,G,8,51810
634,Generalized anxiety disorder,Monona,2000,U,3,19133
635,Generalized anxiety disorder,Wyandotte,1990,B,4,20209
636,Generalized anxiety disorder,Portage,2010,R,3,55097
637,Generalized anxiety disorder,Giles,2017,A,8,47055
638,Generalized anxiety disorder,Kandiyohi,1999,L,10,27067
639,Generalized anxiety disorder,Lebanon,2007,K,9,42075
640,Generalized anxiety disorder,Northampton,1990,A,1,42095
641,Generalized anxiety disorder,Pulaski,1997,U,7,17153
642,Generalized anxiety disorder,Magoffin,2005,V,6,21153
643,Generalized anxiety disorder,Victoria,2016,J,2,48469
644,Generalized anxiety disorder,Neshoba,2006,D,2,28099
645,Generalized anxiety disorder,Panola,2014,J,8,48365
646,Generalized anxiety disorder,Vanderburgh,2015,I,3,18163
647,Generalized anxiety disorder,Bienville,1991,G,4,22013
648,Generalized anxiety disorder,Walton,2016,M,7,13297
649,Generalized anxiety disorder,Sabine,2008,H,7,48403
650,Generalized anxiety disorder,Dixon,2015,H,2,31051
651,Generalized anxiety disorder,Bandera,1992,A,1,48019
652,Generalized anxiety disorder,Roseau,2013,V,5,27135
653,Generalized anxiety disorder,San Miguel,1994,X,1,8113
654,Generalized anxiety disorder,Sterling,2014,O,1,48431
655,Generalized anxiety disorder,Baker,2018,D,5,13007
656,Generalized anxiety disorder,Darlington,2016,X,4,45031
657,Generalized anxiety disorder,Allegany,2019,L,9,24001
658,Generalized anxiety disorder,Real,1992,S,1,48385
659,Generalized anxiety disorder,Tallahatchie,2016,B,10,28135
660,Generalized anxiety disorder,Lapeer,2009,X,2,26087
661,Generalized anxiety disorder,Chattahoochee,2007,E,1,13053
662,Generalized anxiety disorder,Woodson,1990,Z,8,20207
663,Generalized anxiety disorder,Neshoba,1994,L,10,28099
664,Generalized anxiety disorder,Swisher,2012,A,3,48437
665,Generalized anxiety disorder,Maricopa,2012,H,3,4013
666,Generalized anxiety disorder,Metcalfe,2009,J,3,21169
667,Generalized anxiety disorder,Iosco,1991,D,7,26069
668,Generalized anxiety disorder,Tishomingo,2018,F,10,28141
669,Generalized anxiety disorder,McCulloch,2002,O,3,48307
670,Generalized anxiety disorder,Isanti,2003,Y,6,27059
671,Generalized anxiety disorder,Breckinridge,2011,C,8,21027
672,Generalized anxiety disorder,Gentry,2018,N,7,29075
673,Generalized anxiety disorder,Hoke,2019,K,1,37093
674,Generalized anxiety disorder,Wythe,1996,Q,1,51197
675,Generalized anxiety disorder,Swisher,2016,H,8,48437
676,Generalized anxiety disorder,Hopewell,2017,R,5,51670
677,Generalized anxiety disorder,Curry,2012,X,7,41015
678,Generalized anxiety disorder,Kit Carson,2013,M,2,8063
679,Generalized anxiety disorder,Clinton,2004,Y,2,18023
680,Generalized anxiety disorder,Crook,1990,V,7,56011
681,Generalized anxiety disorder,Norman,1996,O,10,27107
682,Generalized anxiety disorder,Pinal,2007,N,4,4021
683,Generalized anxiety disorder,Granite,2002,E,5,30039
684,Generalized anxiety disorder,Liberty,2011,G,10,13179
685,Generalized anxiety disorder,Storey,2004,F,3,32029
686,Generalized anxiety disorder,Kimble,2010,N,6,48267
687,Generalized anxiety disorder,Sunflower,1996,V,1,28133
688,Generalized anxiety disorder,Pickaway,1996,I,6,39129
689,Generalized anxiety disorder,Jenkins,1992,X,6,13165
690,Generalized anxiety disorder,Bandera,2004,I,9,48019
691,Generalized anxiety disorder,Shawano,2003,X,3,55115
692,Generalized anxiety disorder,Goochland,1998,R,3,51075
693,Generalized anxiety disorder,Van Wert,1995,H,3,39161
694,Generalized anxiety disorder,Centre,2007,B,3,42027
695,Generalized anxiety disorder,Lyon,2016,H,8,27083
696,Generalized anxiety disorder,Goliad,2005,E,2,48175
697,Generalized anxiety disorder,Indian River,1993,B,10,12061
698,Generalized anxiety disorder,Palo Pinto,1997,W,9,48363
699,Generalized anxiety disorder,Wabash,1993,K,2,17185
700,Generalized anxiety disorder,Island,1991,H,8,53029
701,Generalized anxiety disorder,Wagoner,2006,I,6,40145
702,Generalized anxiety disorder,Sandusky,1999,D,9,39143
703,Generalized anxiety disorder,Parmer,2001,G,9,48369
704,Generalized anxiety disorder,James City,1998,F,3,51095
705,Generalized anxiety disorder,Haines,1994,M,8,2100
706,Generalized anxiety disorder,McCook,1993,F,9,46087
707,Generalized anxiety disorder,Nicollet,2012,X,3,27103
708,Generalized anxiety disorder,Natchitoches,1995,H,1,22069
709,Generalized anxiety disorder,Iosco,2016,J,2,26069
710,Generalized anxiety disorder,Chittenden,2000,F,3,50007
711,Generalized anxiety disorder,Beaverhead,1995,R,6,30001
712,Generalized anxiety disorder,Etowah,2016,I,3,1055
713,Generalized anxiety disorder,Greenwood,1991,N,6,45047
714,Generalized anxiety disorder,Thomas,2009,J,7,31171
715,Generalized anxiety disorder,St. Croix,2016,A,7,55109
716,Generalized anxiety disorder,Screven,1999,U,6,13251
717,Generalized anxiety disorder,Box Butte,2000,Y,5,31013
718,Generalized anxiety disorder,Newaygo,2004,Q,1,26123
719,Generalized anxiety disorder,Wetzel,1994,A,8,54103
720,Generalized anxiety disorder,Boulder,2018,G,1,8013
721,Generalized anxiety disorder,Montgomery,1995,I,2,24031
722,Generalized anxiety disorder,Meeker,2015,V,3,27093
723,Generalized anxiety disorder,Bennett,2006,D,3,46007
724,Generalized anxiety disorder,Boulder,2001,J,5,8013
725,Generalized anxiety disorder,Coryell,2015,X,2,48099
726,Generalized anxiety disorder,Albemarle,2009,H,9,51003
727,Generalized anxiety disorder,Tarrant,2013,U,5,48439
728,Generalized anxiety disorder,St. Martin,2000,D,5,22099
729,Generalized anxiety disorder,Pondera,2004,B,4,30073
730,Generalized anxiety disorder,Hubbard,2002,H,2,27057
731,Generalized anxiety disorder,Columbiana,1993,E,7,39029
732,Generalized anxiety disorder,Clayton,1997,A,4,13063
733,Generalized anxiety disorder,Elko,1992,H,10,32007
734,Generalized anxiety disorder,Bergen,1992,Q,4,34003
735,Generalized anxiety disorder,Doddridge,2001,M,10,54017
736,Generalized anxiety disorder,Blaine,2009,B,8,30005
737,Generalized anxiety disorder,Pittsylvania,2005,E,4,51143
738,Generalized anxiety disorder,Chautauqua,2008,H,1,20019
739,Generalized anxiety disorder,Meagher,2006,M,1,30059
740,Generalized anxiety disorder,Stoddard,2004,W,6,29207
741,Generalized anxiety disorder,Nantucket,2014,P,9,25019
742,Generalized anxiety disorder,Gilliam,2015,Y,1,41021
743,Generalized anxiety disorder,Atlantic,1993,X,1,34001
744,Generalized anxiety disorder,Horry,2017,F,4,45051
745,Generalized anxiety disorder,New Madrid,2017,A,8,29143
746,Generalized anxiety disorder,Rolette,2016,N,7,38079
747,Generalized anxiety disorder,Forrest,2010,X,7,28035
748,Generalized anxiety disorder,Vermilion,1997,P,6,22113
749,Generalized anxiety disorder,Watonwan,1994,M,5,27165
750,Generalized anxiety disorder,Poinsett,2008,F,1,5111
751,Generalized anxiety disorder,Hockley,1998,F,8,48219
752,Generalized anxiety disorder,Alcorn,1998,N,7,28003
753,Generalized anxiety disorder,Granite,1992,L,8,30039
754,Generalized anxiety disorder,Appling,1991,E,1,13001
755,Generalized anxiety disorder,Mahaska,2010,K,6,19123
756,Generalized anxiety disorder,Sierra,2004,F,7,6091
757,Generalized anxiety disorder,Autauga,2018,D,3,1001
758,Generalized anxiety disorder,McCreary,2012,T,5,21147
759,Generalized anxiety disorder,Blanco,2002,T,2,48031
760,Generalized anxiety disorder,Harrison,2018,P,6,28047
761,Generalized anxiety disorder,Mohave,1997,W,9,4015
762,Generalized anxiety disorder,McKenzie,2001,V,3,38053
763,Generalized anxiety disorder,Deschutes,1991,B,5,41017
764,Generalized anxiety disorder,Gregg,1999,N,7,48183
765,Generalized anxiety disorder,Río Grande,1993,U,1,72119
766,Generalized anxiety disorder,Minidoka,2009,M,8,16067
767,Generalized anxiety disorder,Owen,2003,H,4,18119
768,Generalized anxiety disorder,Box Elder,2018,O,4,49003
769,Generalized anxiety disorder,Riley,1993,E,10,20161
770,Generalized anxiety disorder,Baltimore,2016,Z,8,24510
771,Generalized anxiety disorder,Bowman,2014,L,10,38011
772,Generalized anxiety disorder,Dorado,1991,N,5,72051
773,Generalized anxiety disorder,Sequatchie,2014,T,6,47153
774,Generalized anxiety disorder,Kanabec,2014,I,8,27065
775,Generalized anxiety disorder,Rolette,1994,P,1,38079
776,Generalized anxiety disorder,Harding,2005,J,1,46063
777,Generalized anxiety disorder,Person,2018,O,9,37145
778,Generalized anxiety disorder,Humphreys,1994,H,5,47085
779,Generalized anxiety disorder,Coryell,2015,E,3,48099
780,Generalized anxiety disorder,Donley,1994,N,9,48129
781,Generalized anxiety disorder,Gordon,1994,N,8,13129
782,Generalized anxiety disorder,Winston,2019,L,7,28159
783,Generalized anxiety disorder,Wilbarger,2013,K,1,48487
784,Generalized anxiety disorder,Rock Island,1990,B,9,17161
785,Generalized anxiety disorder,Weakley,2013,T,2,47183
786,Generalized anxiety disorder,Greenlee,2012,N,8,4011
787,Generalized anxiety disorder,Powder River,2014,Y,3,30075
788,Generalized anxiety disorder,Geauga,2007,B,4,39055
789,Generalized anxiety disorder,Ogle,2018,F,2,17141
790,Generalized anxiety disorder,Shenandoah,1997,H,4,51171
791,Generalized anxiety disorder,Daniels,1993,J,10,30019
792,Generalized anxiety disorder,Coshocton,1990,F,8,39031
793,Generalized anxiety disorder,Allen,2017,G,8,20001
794,Generalized anxiety disorder,Caswell,2012,J,8,37033
795,Generalized anxiety disorder,Alamosa,2009,K,5,8003
796,Generalized anxiety disorder,Independence,1990,Q,6,5063
797,Generalized anxiety disorder,Comanche,1991,E,10,20033
798,Generalized anxiety disorder,Camp,2009,I,5,48063
799,Generalized anxiety disorder,Benson,2008,N,3,38005
800,Generalized anxiety disorder,Burnett,1993,D,4,55013
801,Generalized anxiety disorder,Baraga,1998,E,8,26013
802,Generalized anxiety disorder,Kern,1996,I,2,6029
803,Generalized anxiety disorder,Laramie,2008,J,10,56021
804,Generalized anxiety disorder,Karnes,1999,S,9,48255
805,Generalized anxiety disorder,Miami-Dade,2016,F,6,12086
806,Generalized anxiety disorder,Santa Fe,2016,I,8,35049
807,Generalized anxiety disorder,Penobscot,2006,D,1,23019
808,Generalized anxiety disorder,Comanche,2009,Z,9,20033
809,Generalized anxiety disorder,Sheridan,2019,X,5,56033
810,Generalized anxiety disorder,Bingham,1994,J,7,16011
811,Generalized anxiety disorder,Hoke,1990,K,3,37093
812,Generalized anxiety disorder,Trujillo Alto,1998,C,2,72139
813,Generalized anxiety disorder,Nodaway,2000,P,7,29147
814,Generalized anxiety disorder,Placer,2015,W,4,6061
815,Generalized anxiety disorder,Cotton,2017,G,4,40033
816,Generalized anxiety disorder,Kandiyohi,2001,U,8,27067
817,Generalized anxiety disorder,Wahkiakum,2019,O,3,53069
818,Generalized anxiety disorder,Hancock,1991,D,10,13141
819,Generalized anxiety disorder,Evangeline,2009,H,8,22039
820,Generalized anxiety disorder,Stutsman,1995,X,6,38093
821,Generalized anxiety disorder,Loup,2007,Y,10,31115
822,Generalized anxiety disorder,Defiance,2018,V,3,39039
823,Generalized anxiety disorder,Nicollet,2012,K,10,27103
824,Generalized anxiety disorder,Hughes,1991,E,7,46065
825,Generalized anxiety disorder,Cleburne,2007,V,1,1029
826,Generalized anxiety disorder,Geauga,2011,T,4,39055
827,Generalized anxiety disorder,Pender,2010,D,8,37141
828,Generalized anxiety disorder,Bullock,2008,M,1,1011
829,Generalized anxiety disorder,Chowan,1996,L,5,37041
830,Generalized anxiety disorder,Somerset,2006,D,9,42111
831,Generalized anxiety disorder,Los Angeles,2002,L,3,6037
832,Generalized anxiety disorder,Cannon,2007,F,10,47015
833,Generalized anxiety disorder,Musselshell,1996,A,2,30065
834,Generalized anxiety disorder,Robeson,1997,P,3,37155
835,Generalized anxiety disorder,Sabine,2000,K,1,48403
836,Generalized anxiety disorder,Alger,2003,E,9,26003
837,Generalized anxiety disorder,Escambia,2002,F,8,12033
838,Generalized anxiety disorder,Louisa,2011,T,7,51109
839,Generalized anxiety disorder,Queen Anne's,1992,N,7,24035
840,Generalized anxiety disorder,Lampasas,1995,J,1,48281
841,Generalized anxiety disorder,Waldo,2016,X,6,23027
842,Generalized anxiety disorder,Piute,1994,W,1,49031
843,Generalized anxiety disorder,Crockett,1996,B,1,48105
844,Generalized anxiety disorder,Bledsoe,1997,T,8,47007
845,Generalized anxiety disorder,Kemper,2019,J,5,28069
846,Generalized anxiety disorder,Okfuskee,2016,N,4,40107
847,Generalized anxiety disorder,Sunflower,1996,C,7,28133
848,Generalized anxiety disorder,Lafayette,1996,S,4,29107
849,Generalized anxiety disorder,Mackinac,2013,P,6,26097
850,Generalized anxiety disorder,Fallon,2019,X,2,30025
851,Generalized anxiety disorder,Trego,2000,R,4,20195
852,Generalized anxiety disorder,Fall River,2016,M,5,46047
853,Generalized anxiety disorder,Cooper,2004,G,8,29053
854,Generalized anxiety disorder,Merced,1995,H,1,6047
855,Generalized anxiety disorder,Idaho,1992,S,5,16049
856,Generalized anxiety disorder,East Feliciana,1990,Y,1,22037
857,Generalized anxiety disorder,Bedford,2008,K,8,51019
858,Generalized anxiety disorder,Hillsdale,1996,G,9,26059
859,Generalized anxiety disorder,Saluda,2004,Z,6,45081
860,Generalized anxiety disorder,Cameron,2004,G,10,48061
861,Generalized anxiety disorder,Hemphill,2005,K,6,48211
862,Generalized anxiety disorder,Telfair,1994,A,2,13271
863,Generalized anxiety disorder,Letcher,2016,T,2,21133
864,Generalized anxiety disorder,Ozaukee,1994,W,3,55089
865,Generalized anxiety disorder,Dare,2001,K,8,37055
866,Generalized anxiety disorder,Austin,2004,O,8,48015
867,Generalized anxiety disorder,Nacogdoches,2014,M,4,48347
868,Generalized anxiety disorder,Meigs,2012,G,9,47121
869,Generalized anxiety disorder,Hancock,2008,C,1,13141
870,Generalized anxiety disorder,Clayton,1990,X,2,13063
871,Generalized anxiety disorder,DeKalb,2011,B,10,17037
872,Generalized anxiety disorder,Burlington,1997,E,2,34005
873,Generalized anxiety disorder,Karnes,2014,T,10,48255
874,Generalized anxiety disorder,Saunders,2014,H,5,31155
875,Generalized anxiety disorder,Oklahoma,2005,U,7,40109
876,Generalized anxiety disorder,Northumberland,2013,Y,10,51133
877,Generalized anxiety disorder,Dubois,2018,U,5,18037
878,Generalized anxiety disorder,Gilpin,1997,I,10,8047
879,Generalized anxiety disorder,Meriwether,2003,Z,8,13199
880,Generalized anxiety disorder,Wetzel,1992,N,1,54103
881,Generalized anxiety disorder,Winnebago,2003,G,4,55139
882,Generalized anxiety disorder,Hood,2007,I,3,48221
883,Generalized anxiety disorder,Hoonah-Angoon,2018,X,2,2105
884,Generalized anxiety disorder,St. Mary,2005,R,9,22101
885,Generalized anxiety disorder,Dunklin,1996,A,3,29069
886,Generalized anxiety disorder,Dubois,1996,N,3,18037
887,Generalized anxiety disorder,Pine,1998,A,6,27115
888,Generalized anxiety disorder,Smith,2014,H,5,48423
889,Generalized anxiety disorder,Coke,2004,X,4,48081
890,Generalized anxiety disorder,Montmorency,1999,H,1,26119
891,Generalized anxiety disorder,Cottle,1993,G,7,48101
892,Generalized anxiety disorder,Scioto,2001,C,7,39145
893,Generalized anxiety disorder,Ceiba,1992,G,1,72037
894,Generalized anxiety disorder,Catoosa,2019,V,7,13047
895,Generalized anxiety disorder,Bamberg,2017,C,3,45009
896,Generalized anxiety disorder,Newport News,1995,Z,5,51700
897,Generalized anxiety disorder,Vega Baja,2019,P,6,72145
898,Generalized anxiety disorder,Elmore,1990,X,9,16039
899,Generalized anxiety disorder,Gladwin,2011,U,4,26051
900,Generalized anxiety disorder,Ozaukee,1997,D,2,55089
901,Generalized anxiety disorder,Ralls,2000,T,3,29173
902,Generalized anxiety disorder,Cleburne,2012,J,8,1029
903,Generalized anxiety disorder,Allamakee,2005,Z,1,19005
904,Generalized anxiety disorder,Manistee,2016,B,4,26101
905,Generalized anxiety disorder,Tippecanoe,2005,G,7,18157
906,Generalized anxiety disorder,Karnes,2018,C,5,48255
907,Generalized anxiety disorder,Harper,2006,W,7,20077
908,Generalized anxiety disorder,Cowlitz,2004,S,8,53015
909,Generalized anxiety disorder,Sussex,1993,F,5,34037
910,Generalized anxiety disorder,Amite,1996,Q,3,28005
911,Generalized anxiety disorder,Mille Lacs,1991,E,9,27095
912,Generalized anxiety disorder,Campbell,2005,X,1,56005
913,Generalized anxiety disorder,Kimball,2016,P,9,31105
914,Generalized anxiety disorder,Clatsop,2010,F,1,41007
915,Generalized anxiety disorder,Levy,2012,K,3,12075
916,Generalized anxiety disorder,Nantucket,2014,H,8,25019
917,Generalized anxiety disorder,Letcher,1995,M,2,21133
918,Generalized anxiety disorder,Conecuh,2012,C,3,1035
919,Generalized anxiety disorder,Tallapoosa,2013,X,3,1123
920,Generalized anxiety disorder,Kanabec,2018,J,10,27065
921,Generalized anxiety disorder,Sioux,1996,D,5,38085
922,Generalized anxiety disorder,Little River,2007,V,5,5081
923,Generalized anxiety disorder,Mohave,2013,R,3,4015
924,Generalized anxiety disorder,Nueces,1992,Q,5,48355
925,Generalized anxiety disorder,Sacramento,2000,K,4,6067
926,Generalized anxiety disorder,Barbour,2010,U,4,54001
927,Generalized anxiety disorder,Talbot,1995,H,1,13263
928,Generalized anxiety disorder,Irwin,2004,R,3,13155
929,Generalized anxiety disorder,Manatee,1996,E,5,12081
930,Generalized anxiety disorder,Treasure,2000,F,10,30103
931,Generalized anxiety disorder,Ceiba,2000,O,10,72037
932,Generalized anxiety disorder,Glacier,2019,Y,7,30035
933,Generalized anxiety disorder,Linn,2001,R,5,41043
934,Generalized anxiety disorder,Hockley,1996,Z,3,48219
935,Generalized anxiety disorder,Skagway,1990,C,9,2230
936,Generalized anxiety disorder,Loudon,1997,B,1,47105
937,Generalized anxiety disorder,Culpeper,2015,B,4,51047
938,Generalized anxiety disorder,Montezuma,1999,K,9,8083
939,Generalized anxiety disorder,Reeves,1990,W,1,48389
940,Generalized anxiety disorder,Lafourche,2005,Y,4,22057
941,Generalized anxiety disorder,Bonneville,1994,K,6,16019
942,Generalized anxiety disorder,Camp,2006,L,5,48063
943,Generalized anxiety disorder,Bowman,1992,B,2,38011
944,Generalized anxiety disorder,Ouachita,2007,C,5,5103
945,Generalized anxiety disorder,Callahan,2013,W,4,48059
946,Generalized anxiety disorder,Eagle,2002,L,5,8037
947,Generalized anxiety disorder,Haralson,2000,N,5,13143
948,Generalized anxiety disorder,Whitfield,2019,G,4,13313
949,Generalized anxiety disorder,Vega Alta,2015,H,4,72143
950,Generalized anxiety disorder,Worth,2015,L,3,29227
951,Generalized anxiety disorder,Kingman,2010,W,2,20095
952,Generalized anxiety disorder,Stephens,2015,C,2,40137
953,Generalized anxiety disorder,O'Brien,2009,U,4,19141
954,Generalized anxiety disorder,El Dorado,2017,M,1,6017
955,Generalized anxiety disorder,Lonoke,2017,V,7,5085
956,Generalized anxiety disorder,Humboldt,2001,Y,1,32013
957,Generalized anxiety disorder,Lenawee,2011,M,5,26091
958,Generalized anxiety disorder,Cooke,2002,H,5,48097
959,Generalized anxiety disorder,Dougherty,2008,W,1,13095
960,Generalized anxiety disorder,Mackinac,1996,E,7,26097
961,Generalized anxiety disorder,Ashley,2006,J,6,5003
962,Generalized anxiety disorder,Dent,2001,B,8,29065
963,Generalized anxiety disorder,Lauderdale,2012,V,9,1077
964,Generalized anxiety disorder,Suwannee,2006,V,3,12121
965,Generalized anxiety disorder,Norton,1995,X,7,20137
966,Generalized anxiety disorder,Dyer,1996,G,2,47045
967,Generalized anxiety disorder,Harney,1996,X,7,41025
968,Generalized anxiety disorder,San Sebastián,2013,S,1,72131
969,Generalized anxiety disorder,De Soto,1993,L,2,22031
970,Generalized anxiety disorder,Defiance,2012,M,6,39039
971,Generalized anxiety disorder,Grayson,1994,H,3,51077
972,Generalized anxiety disorder,Hill,1991,T,7,48217
973,Generalized anxiety disorder,Wythe,1990,E,2,51197
974,Generalized anxiety disorder,Jones,2007,Y,1,28067
975,Generalized anxiety disorder,Dakota,2011,R,5,31043
976,Generalized anxiety disorder,Sanborn,2002,F,4,46111
977,Generalized anxiety disorder,Coffee,2017,U,8,47031
978,Generalized anxiety disorder,Monona,2017,A,2,19133
979,Generalized anxiety disorder,Pickaway,2018,E,9,39129
980,Generalized anxiety disorder,Culebra,2017,D,6,72049
981,Generalized anxiety disorder,Newaygo,2016,V,3,26123
982,Generalized anxiety disorder,McDonald,1999,O,4,29119
983,Generalized anxiety disorder,Calumet,2012,T,4,55015
984,Generalized anxiety disorder,Tunica,2003,D,2,28143
985,Generalized anxiety disorder,Ralls,2018,M,6,29173
986,Generalized anxiety disorder,Isabela,1998,L,4,72071
987,Generalized anxiety disorder,Leake,2008,I,6,28079
988,Generalized anxiety disorder,Maricopa,1994,T,3,4013
989,Generalized anxiety disorder,Quay,2014,P,7,35037
990,Generalized anxiety disorder,Payne,2004,Z,10,40119
991,Generalized anxiety disorder,Fall River,2011,U,3,46047
992,Generalized anxiety disorder,Morrill,2005,D,9,31123
993,Generalized anxiety disorder,Langlade,2009,X,8,55067
994,Generalized anxiety disorder,Stutsman,2002,A,1,38093
995,Generalized anxiety disorder,Bear Lake,1990,C,9,16007
996,Generalized anxiety disorder,Geauga,2001,N,7,39055
997,Generalized anxiety disorder,Foard,2012,O,5,48155
998,Generalized anxiety disorder,Williams,2018,W,1,38105
999,Generalized anxiety disorder,Floyd,2013,S,1,18043
