person_id,condition_concept_id,standard_concept_name,standard_concept_code,standard_vocabulary,condition_start_datetime,condition_end_datetime,condition_type_concept_id,condition_type_concept_name,stop_reason,visit_occurrence_id,visit_occurrence_concept_name,condition_source_value,condition_source_concept_id,source_concept_name,source_concept_code,source_vocabulary,condition_status_source_value,condition_status_concept_id,condition_status_concept_name
1,319835,Congestive heart failure,42343007,SNOMED,2011/9/23 16:00,,45754805,EHR Episode Entry,,1.1E+16,Outpatient Visit,,,,,,,,
2,4157332,Malignant neoplasm of female breast,372064008,SNOMED,2019/2/7 17:00,,45754805,EHR Episode Entry,,1.1E+16,Outpatient Visit,,,,,,,,
3,439727,Human immunodeficiency virus infection,86406008,SNOMED,2012/6/13 16:00,,45754805,EHR Episode Entry,,1.1E+16,Laboratory Visit,,,,,,,,
4,321319,Cardiomyopathy,85898001,SNOMED,2019/7/12 16:00,2019/7/12 16:00,45754805,EHR Episode Entry,,1.1E+16,Inpatient Visit,,,,,,,,
5,36712713,Primary basal cell carcinoma of left eyelid,1.07911E+15,SNOMED,2019/12/11 10:48,2019/12/11 13:24,32020,EHR encounter diagnosis,,1.3E+16,Office Visit,,,,,,,,
6,4084229,Primary gout,24595009,SNOMED,2018/3/20 16:00,,45754805,EHR Episode Entry,,1.1E+16,Outpatient Visit,,,,,,,,
7,4065364,Follicular cysts of skin and subcutaneous tissue,201294000,SNOMED,2017/2/6 17:00,,45754805,EHR Episode Entry,,1.1E+16,Outpatient Visit,,,,,,,,
8,440329,Herpes zoster without complication,111859007,SNOMED,2017/4/4 16:00,,45754805,EHR Episode Entry,,1.1E+16,Outpatient Visit,,,,,,,,
9,137548,Cervical radiculopathy,54404000,SNOMED,2017/7/6 16:00,,45754805,EHR Episode Entry,,1.1E+16,Outpatient Visit,,,,,,,,
